customer_id,first_name,last_name,age,gender,address,city,contact_number,email
1,Katarzyna,Lewandowski,50,Female,"ul. Polna 58, Szczecin",Szczecin,+48 807 736 669,katarzyna.lewandowski1@example.com
2,Aleksandra,Nowak,23,Female,"ul. Polna 74, Białystok",Białystok,+48 550 560 111,aleksandra.nowak2@example.com
3,Michał,Jankowski,58,Male,"ul. Polna 88, Szczecin",Szczecin,+48 545 670 650,michał.jankowski3@example.com
4,Adam,Jankowski,41,Male,"ul. Spacerowa 109, Łódź",Łódź,+48 546 508 699,adam.jankowski4@example.com
5,Michał,Woźniak,72,Male,"ul. Piękna 145, Gdańsk",Gdańsk,+48 745 625 630,michał.woźniak5@example.com
6,Monika,Zieliński,27,Female,"ul. Spacerowa 59, Lublin",Lublin,+48 562 741 817,monika.zieliński6@example.com
7,Wiktoria,Zieliński,53,Female,"ul. Spacerowa 103, Gdańsk",Gdańsk,+48 721 307 401,wiktoria.zieliński7@example.com
8,Tomasz,Kamiński,47,Male,"ul. Spacerowa 112, Lublin",Lublin,+48 785 779 134,tomasz.kamiński8@example.com
9,Kamil,Wiśniewski,71,Male,"ul. Spacerowa 17, Katowice",Katowice,+48 832 372 610,kamil.wiśniewski9@example.com
10,Marek,Szymański,23,Male,"ul. Długa 116, Warszawa",Warszawa,+48 797 659 956,marek.szymański10@example.com
11,Wiktoria,Kamiński,27,Female,"ul. Długa 81, Łódź",Łódź,+48 840 697 688,wiktoria.kamiński11@example.com
12,Monika,Jankowski,36,Female,"ul. Polna 107, Szczecin",Szczecin,+48 842 263 238,monika.jankowski12@example.com
13,Michał,Nowak,42,Male,"ul. Polna 14, Kraków",Kraków,+48 677 761 461,michał.nowak13@example.com
14,Jakub,Kowalski,47,Male,"ul. Leśna 40, Lublin",Lublin,+48 802 632 311,jakub.kowalski14@example.com
15,Piotr,Woźniak,20,Male,"ul. Słoneczna 45, Katowice",Katowice,+48 523 763 657,piotr.woźniak15@example.com
16,Marek,Kozłowski,31,Male,"ul. Leśna 42, Szczecin",Szczecin,+48 838 964 290,marek.kozłowski16@example.com
17,Michał,Kamiński,40,Male,"ul. Leśna 68, Wrocław",Wrocław,+48 737 609 898,michał.kamiński17@example.com
18,Mateusz,Woźniak,70,Male,"ul. Polna 55, Gdańsk",Gdańsk,+48 618 105 195,mateusz.woźniak18@example.com
19,Natalia,Woźniak,68,Female,"ul. Słoneczna 29, Białystok",Białystok,+48 817 833 387,natalia.woźniak19@example.com
20,Wiktoria,Wiśniewski,68,Female,"ul. Lipowa 25, Kraków",Kraków,+48 723 275 208,wiktoria.wiśniewski20@example.com
21,Katarzyna,Woźniak,35,Female,"ul. Polna 75, Łódź",Łódź,+48 661 265 367,katarzyna.woźniak21@example.com
22,Zuzanna,Nowak,24,Female,"ul. Słoneczna 6, Warszawa",Warszawa,+48 658 225 196,zuzanna.nowak22@example.com
23,Monika,Kozłowski,20,Female,"ul. Piękna 81, Białystok",Białystok,+48 811 320 708,monika.kozłowski23@example.com
24,Michał,Kamiński,21,Male,"ul. Piękna 7, Łódź",Łódź,+48 644 811 438,michał.kamiński24@example.com
25,Jakub,Dąbrowski,52,Male,"ul. Kwiatowa 51, Warszawa",Warszawa,+48 787 157 838,jakub.dąbrowski25@example.com
26,Monika,Kozłowski,19,Female,"ul. Piękna 149, Gdańsk",Gdańsk,+48 564 464 525,monika.kozłowski26@example.com
27,Marek,Wiśniewski,19,Male,"ul. Piękna 66, Szczecin",Szczecin,+48 575 333 123,marek.wiśniewski27@example.com
28,Marek,Kozłowski,23,Male,"ul. Leśna 142, Białystok",Białystok,+48 519 765 986,marek.kozłowski28@example.com
29,Anna,Kozłowski,58,Female,"ul. Słoneczna 121, Warszawa",Warszawa,+48 529 327 795,anna.kozłowski29@example.com
30,Natalia,Wójcik,71,Female,"ul. Lipowa 88, Szczecin",Szczecin,+48 602 483 467,natalia.wójcik30@example.com
31,Robert,Kamiński,28,Male,"ul. Piękna 40, Poznań",Poznań,+48 748 105 462,robert.kamiński31@example.com
32,Wiktoria,Jankowski,26,Female,"ul. Polna 5, Gdańsk",Gdańsk,+48 773 322 970,wiktoria.jankowski32@example.com
33,Mateusz,Kowalski,27,Male,"ul. Piękna 86, Kraków",Kraków,+48 780 367 417,mateusz.kowalski33@example.com
34,Magdalena,Woźniak,40,Female,"ul. Leśna 100, Gdańsk",Gdańsk,+48 596 864 744,magdalena.woźniak34@example.com
35,Wiktoria,Wiśniewski,19,Female,"ul. Leśna 81, Szczecin",Szczecin,+48 776 248 267,wiktoria.wiśniewski35@example.com
36,Natalia,Kowalski,37,Female,"ul. Słoneczna 137, Łódź",Łódź,+48 578 713 724,natalia.kowalski36@example.com
37,Katarzyna,Jankowski,42,Female,"ul. Lipowa 78, Kraków",Kraków,+48 831 220 456,katarzyna.jankowski37@example.com
38,Natalia,Kozłowski,55,Female,"ul. Kwiatowa 22, Lublin",Lublin,+48 535 897 189,natalia.kozłowski38@example.com
39,Jakub,Jankowski,43,Male,"ul. Kwiatowa 46, Lublin",Lublin,+48 600 925 574,jakub.jankowski39@example.com
40,Zuzanna,Dąbrowski,31,Female,"ul. Leśna 114, Katowice",Katowice,+48 880 680 772,zuzanna.dąbrowski40@example.com
41,Paweł,Wiśniewski,58,Male,"ul. Lipowa 60, Szczecin",Szczecin,+48 669 246 674,paweł.wiśniewski41@example.com
42,Zuzanna,Lewandowski,61,Female,"ul. Spacerowa 140, Kraków",Kraków,+48 764 314 534,zuzanna.lewandowski42@example.com
43,Julia,Nowak,53,Female,"ul. Lipowa 34, Gdańsk",Gdańsk,+48 671 692 759,julia.nowak43@example.com
44,Jakub,Nowak,66,Male,"ul. Słoneczna 31, Warszawa",Warszawa,+48 838 972 375,jakub.nowak44@example.com
45,Monika,Kozłowski,23,Female,"ul. Słoneczna 138, Łódź",Łódź,+48 893 111 197,monika.kozłowski45@example.com
46,Monika,Kozłowski,63,Female,"ul. Lipowa 22, Wrocław",Wrocław,+48 790 527 828,monika.kozłowski46@example.com
47,Zuzanna,Nowak,53,Female,"ul. Słoneczna 121, Wrocław",Wrocław,+48 836 778 449,zuzanna.nowak47@example.com
48,Karolina,Lewandowski,20,Female,"ul. Spacerowa 35, Gdańsk",Gdańsk,+48 511 592 928,karolina.lewandowski48@example.com
49,Mateusz,Jankowski,37,Male,"ul. Słoneczna 149, Katowice",Katowice,+48 527 934 520,mateusz.jankowski49@example.com
50,Karolina,Lewandowski,41,Female,"ul. Leśna 20, Łódź",Łódź,+48 787 984 917,karolina.lewandowski50@example.com
51,Katarzyna,Dąbrowski,19,Female,"ul. Spacerowa 62, Poznań",Poznań,+48 607 539 620,katarzyna.dąbrowski51@example.com
52,Natalia,Kozłowski,52,Female,"ul. Słoneczna 39, Katowice",Katowice,+48 810 664 821,natalia.kozłowski52@example.com
53,Julia,Wiśniewski,52,Female,"ul. Kwiatowa 33, Gdańsk",Gdańsk,+48 734 272 291,julia.wiśniewski53@example.com
54,Monika,Szymański,19,Female,"ul. Lipowa 57, Szczecin",Szczecin,+48 763 472 655,monika.szymański54@example.com
55,Marek,Jankowski,20,Male,"ul. Spacerowa 2, Szczecin",Szczecin,+48 529 196 461,marek.jankowski55@example.com
56,Julia,Woźniak,73,Female,"ul. Polna 109, Poznań",Poznań,+48 839 543 304,julia.woźniak56@example.com
57,Zuzanna,Szymański,63,Female,"ul. Słoneczna 80, Łódź",Łódź,+48 822 856 551,zuzanna.szymański57@example.com
58,Natalia,Jankowski,62,Female,"ul. Leśna 30, Białystok",Białystok,+48 588 308 756,natalia.jankowski58@example.com
59,Paweł,Kamiński,43,Male,"ul. Długa 123, Łódź",Łódź,+48 766 571 379,paweł.kamiński59@example.com
60,Kamil,Zieliński,58,Male,"ul. Długa 144, Białystok",Białystok,+48 667 873 360,kamil.zieliński60@example.com
61,Paweł,Kamiński,23,Male,"ul. Długa 18, Warszawa",Warszawa,+48 770 563 677,paweł.kamiński61@example.com
62,Marek,Lewandowski,19,Male,"ul. Polna 101, Wrocław",Wrocław,+48 547 272 647,marek.lewandowski62@example.com
63,Marek,Kamiński,33,Male,"ul. Kwiatowa 120, Lublin",Lublin,+48 853 348 509,marek.kamiński63@example.com
64,Aleksandra,Dąbrowski,46,Female,"ul. Słoneczna 30, Wrocław",Wrocław,+48 801 587 704,aleksandra.dąbrowski64@example.com
65,Michał,Jankowski,51,Male,"ul. Spacerowa 36, Warszawa",Warszawa,+48 650 346 981,michał.jankowski65@example.com
66,Natalia,Dąbrowski,28,Female,"ul. Polna 145, Szczecin",Szczecin,+48 688 925 322,natalia.dąbrowski66@example.com
67,Katarzyna,Zieliński,18,Female,"ul. Słoneczna 51, Katowice",Katowice,+48 526 368 869,katarzyna.zieliński67@example.com
68,Tomasz,Jankowski,25,Male,"ul. Spacerowa 141, Szczecin",Szczecin,+48 841 136 464,tomasz.jankowski68@example.com
69,Anna,Kamiński,28,Female,"ul. Polna 72, Kraków",Kraków,+48 604 107 393,anna.kamiński69@example.com
70,Piotr,Jankowski,28,Male,"ul. Słoneczna 127, Szczecin",Szczecin,+48 527 654 460,piotr.jankowski70@example.com
71,Anna,Nowak,42,Female,"ul. Polna 113, Katowice",Katowice,+48 845 737 282,anna.nowak71@example.com
72,Michał,Kamiński,47,Male,"ul. Polna 5, Wrocław",Wrocław,+48 676 176 865,michał.kamiński72@example.com
73,Julia,Szymański,25,Female,"ul. Leśna 1, Szczecin",Szczecin,+48 694 191 814,julia.szymański73@example.com
74,Mateusz,Lewandowski,65,Male,"ul. Długa 65, Kraków",Kraków,+48 621 218 486,mateusz.lewandowski74@example.com
75,Adam,Lewandowski,63,Male,"ul. Spacerowa 25, Wrocław",Wrocław,+48 624 780 582,adam.lewandowski75@example.com
76,Monika,Woźniak,27,Female,"ul. Piękna 65, Gdańsk",Gdańsk,+48 510 554 723,monika.woźniak76@example.com
77,Kamil,Dąbrowski,24,Male,"ul. Słoneczna 84, Kraków",Kraków,+48 727 929 169,kamil.dąbrowski77@example.com
78,Karolina,Kamiński,70,Female,"ul. Leśna 27, Łódź",Łódź,+48 813 661 131,karolina.kamiński78@example.com
79,Aleksandra,Jankowski,28,Female,"ul. Polna 59, Łódź",Łódź,+48 697 231 715,aleksandra.jankowski79@example.com
80,Wiktoria,Woźniak,62,Female,"ul. Lipowa 89, Katowice",Katowice,+48 731 348 279,wiktoria.woźniak80@example.com
81,Magdalena,Wiśniewski,60,Female,"ul. Leśna 114, Katowice",Katowice,+48 692 751 608,magdalena.wiśniewski81@example.com
82,Wiktoria,Kamiński,32,Female,"ul. Lipowa 130, Katowice",Katowice,+48 679 951 459,wiktoria.kamiński82@example.com
83,Aleksandra,Woźniak,42,Female,"ul. Kwiatowa 8, Białystok",Białystok,+48 554 341 320,aleksandra.woźniak83@example.com
84,Zuzanna,Woźniak,41,Female,"ul. Długa 140, Poznań",Poznań,+48 543 203 219,zuzanna.woźniak84@example.com
85,Mateusz,Kozłowski,44,Male,"ul. Słoneczna 83, Kraków",Kraków,+48 659 103 199,mateusz.kozłowski85@example.com
86,Tomasz,Woźniak,39,Male,"ul. Leśna 32, Lublin",Lublin,+48 544 454 342,tomasz.woźniak86@example.com
87,Wiktoria,Zieliński,23,Female,"ul. Długa 119, Wrocław",Wrocław,+48 716 997 164,wiktoria.zieliński87@example.com
88,Katarzyna,Nowak,29,Female,"ul. Piękna 18, Katowice",Katowice,+48 630 829 658,katarzyna.nowak88@example.com
89,Adam,Wiśniewski,56,Male,"ul. Lipowa 67, Białystok",Białystok,+48 897 920 545,adam.wiśniewski89@example.com
90,Robert,Dąbrowski,38,Male,"ul. Piękna 149, Gdańsk",Gdańsk,+48 659 339 859,robert.dąbrowski90@example.com
91,Mateusz,Szymański,44,Male,"ul. Lipowa 54, Gdańsk",Gdańsk,+48 862 891 845,mateusz.szymański91@example.com
92,Paweł,Kamiński,73,Male,"ul. Słoneczna 1, Kraków",Kraków,+48 601 715 709,paweł.kamiński92@example.com
93,Jakub,Zieliński,57,Male,"ul. Spacerowa 97, Katowice",Katowice,+48 845 209 481,jakub.zieliński93@example.com
94,Adam,Lewandowski,65,Male,"ul. Kwiatowa 65, Katowice",Katowice,+48 745 110 468,adam.lewandowski94@example.com
95,Wiktoria,Woźniak,25,Female,"ul. Kwiatowa 111, Warszawa",Warszawa,+48 633 493 407,wiktoria.woźniak95@example.com
96,Anna,Jankowski,73,Female,"ul. Spacerowa 27, Łódź",Łódź,+48 846 727 649,anna.jankowski96@example.com
97,Zuzanna,Wójcik,62,Female,"ul. Polna 27, Kraków",Kraków,+48 536 703 995,zuzanna.wójcik97@example.com
98,Zuzanna,Lewandowski,61,Female,"ul. Spacerowa 49, Szczecin",Szczecin,+48 526 524 419,zuzanna.lewandowski98@example.com
99,Piotr,Szymański,44,Male,"ul. Spacerowa 113, Białystok",Białystok,+48 825 751 250,piotr.szymański99@example.com
100,Kamil,Woźniak,27,Male,"ul. Słoneczna 83, Białystok",Białystok,+48 581 881 920,kamil.woźniak100@example.com
101,Kamil,Zieliński,41,Male,"ul. Piękna 20, Kraków",Kraków,+48 505 475 690,kamil.zieliński101@example.com
102,Jakub,Kamiński,37,Male,"ul. Polna 140, Kraków",Kraków,+48 537 806 330,jakub.kamiński102@example.com
103,Julia,Wiśniewski,53,Female,"ul. Lipowa 31, Poznań",Poznań,+48 699 357 702,julia.wiśniewski103@example.com
104,Natalia,Szymański,58,Female,"ul. Leśna 74, Kraków",Kraków,+48 773 150 668,natalia.szymański104@example.com
105,Anna,Kamiński,35,Female,"ul. Spacerowa 101, Wrocław",Wrocław,+48 865 205 312,anna.kamiński105@example.com
106,Piotr,Szymański,36,Male,"ul. Lipowa 34, Łódź",Łódź,+48 859 953 148,piotr.szymański106@example.com
107,Adam,Lewandowski,19,Male,"ul. Kwiatowa 25, Poznań",Poznań,+48 629 610 633,adam.lewandowski107@example.com
108,Karolina,Jankowski,21,Female,"ul. Kwiatowa 93, Katowice",Katowice,+48 603 654 360,karolina.jankowski108@example.com
109,Wiktoria,Kowalski,45,Female,"ul. Spacerowa 14, Warszawa",Warszawa,+48 829 712 140,wiktoria.kowalski109@example.com
110,Katarzyna,Kamiński,33,Female,"ul. Piękna 58, Kraków",Kraków,+48 830 312 384,katarzyna.kamiński110@example.com
111,Natalia,Wiśniewski,75,Female,"ul. Leśna 51, Katowice",Katowice,+48 859 716 408,natalia.wiśniewski111@example.com
112,Wiktoria,Zieliński,23,Female,"ul. Piękna 97, Poznań",Poznań,+48 688 995 320,wiktoria.zieliński112@example.com
113,Aleksandra,Jankowski,53,Female,"ul. Polna 50, Łódź",Łódź,+48 878 374 291,aleksandra.jankowski113@example.com
114,Magdalena,Dąbrowski,47,Female,"ul. Spacerowa 11, Katowice",Katowice,+48 640 974 837,magdalena.dąbrowski114@example.com
115,Jakub,Jankowski,66,Male,"ul. Piękna 135, Kraków",Kraków,+48 761 541 862,jakub.jankowski115@example.com
116,Katarzyna,Jankowski,51,Female,"ul. Leśna 64, Warszawa",Warszawa,+48 666 929 690,katarzyna.jankowski116@example.com
117,Robert,Kamiński,35,Male,"ul. Spacerowa 133, Lublin",Lublin,+48 884 835 859,robert.kamiński117@example.com
118,Michał,Nowak,43,Male,"ul. Polna 95, Wrocław",Wrocław,+48 706 873 672,michał.nowak118@example.com
119,Anna,Kozłowski,58,Female,"ul. Leśna 5, Łódź",Łódź,+48 510 601 152,anna.kozłowski119@example.com
120,Karolina,Wójcik,20,Female,"ul. Kwiatowa 116, Poznań",Poznań,+48 516 304 137,karolina.wójcik120@example.com
121,Zuzanna,Jankowski,72,Female,"ul. Polna 27, Katowice",Katowice,+48 656 510 344,zuzanna.jankowski121@example.com
122,Aleksandra,Woźniak,20,Female,"ul. Długa 79, Poznań",Poznań,+48 502 744 311,aleksandra.woźniak122@example.com
123,Tomasz,Szymański,74,Male,"ul. Piękna 127, Kraków",Kraków,+48 550 445 459,tomasz.szymański123@example.com
124,Marek,Zieliński,20,Male,"ul. Polna 39, Lublin",Lublin,+48 897 716 982,marek.zieliński124@example.com
125,Robert,Jankowski,28,Male,"ul. Słoneczna 131, Białystok",Białystok,+48 534 852 998,robert.jankowski125@example.com
126,Mateusz,Zieliński,41,Male,"ul. Polna 35, Kraków",Kraków,+48 798 980 998,mateusz.zieliński126@example.com
127,Adam,Kozłowski,48,Male,"ul. Kwiatowa 81, Katowice",Katowice,+48 633 657 421,adam.kozłowski127@example.com
128,Jakub,Kowalski,49,Male,"ul. Piękna 133, Katowice",Katowice,+48 575 933 424,jakub.kowalski128@example.com
129,Marek,Kamiński,47,Male,"ul. Leśna 97, Kraków",Kraków,+48 635 329 933,marek.kamiński129@example.com
130,Monika,Wiśniewski,51,Female,"ul. Leśna 80, Warszawa",Warszawa,+48 579 746 258,monika.wiśniewski130@example.com
131,Mateusz,Wójcik,62,Male,"ul. Długa 94, Lublin",Lublin,+48 522 491 161,mateusz.wójcik131@example.com
132,Katarzyna,Szymański,21,Female,"ul. Polna 60, Szczecin",Szczecin,+48 618 867 740,katarzyna.szymański132@example.com
133,Zuzanna,Jankowski,59,Female,"ul. Spacerowa 135, Poznań",Poznań,+48 571 579 505,zuzanna.jankowski133@example.com
134,Katarzyna,Wiśniewski,30,Female,"ul. Kwiatowa 103, Kraków",Kraków,+48 531 566 142,katarzyna.wiśniewski134@example.com
135,Robert,Zieliński,75,Male,"ul. Kwiatowa 53, Białystok",Białystok,+48 633 326 229,robert.zieliński135@example.com
136,Anna,Kowalski,73,Female,"ul. Kwiatowa 31, Poznań",Poznań,+48 526 848 820,anna.kowalski136@example.com
137,Piotr,Kozłowski,28,Male,"ul. Lipowa 58, Kraków",Kraków,+48 620 745 474,piotr.kozłowski137@example.com
138,Monika,Woźniak,52,Female,"ul. Długa 27, Katowice",Katowice,+48 666 359 322,monika.woźniak138@example.com
139,Marek,Wiśniewski,18,Male,"ul. Leśna 28, Łódź",Łódź,+48 681 962 262,marek.wiśniewski139@example.com
140,Monika,Kozłowski,70,Female,"ul. Polna 131, Gdańsk",Gdańsk,+48 608 395 218,monika.kozłowski140@example.com
141,Mateusz,Zieliński,70,Male,"ul. Słoneczna 96, Kraków",Kraków,+48 567 849 216,mateusz.zieliński141@example.com
142,Tomasz,Szymański,47,Male,"ul. Spacerowa 102, Szczecin",Szczecin,+48 523 396 830,tomasz.szymański142@example.com
143,Michał,Woźniak,36,Male,"ul. Leśna 66, Łódź",Łódź,+48 571 874 557,michał.woźniak143@example.com
144,Monika,Kozłowski,37,Female,"ul. Lipowa 114, Lublin",Lublin,+48 706 510 140,monika.kozłowski144@example.com
145,Michał,Jankowski,60,Male,"ul. Kwiatowa 88, Warszawa",Warszawa,+48 510 391 688,michał.jankowski145@example.com
146,Anna,Lewandowski,34,Female,"ul. Słoneczna 59, Katowice",Katowice,+48 604 621 576,anna.lewandowski146@example.com
147,Magdalena,Kamiński,43,Female,"ul. Lipowa 12, Gdańsk",Gdańsk,+48 624 570 282,magdalena.kamiński147@example.com
148,Zuzanna,Zieliński,48,Female,"ul. Kwiatowa 100, Warszawa",Warszawa,+48 757 706 490,zuzanna.zieliński148@example.com
149,Karolina,Woźniak,29,Female,"ul. Długa 64, Szczecin",Szczecin,+48 793 541 275,karolina.woźniak149@example.com
150,Monika,Szymański,25,Female,"ul. Długa 7, Kraków",Kraków,+48 898 682 630,monika.szymański150@example.com
151,Adam,Wiśniewski,69,Male,"ul. Leśna 43, Szczecin",Szczecin,+48 506 973 605,adam.wiśniewski151@example.com
152,Monika,Wiśniewski,51,Female,"ul. Lipowa 80, Białystok",Białystok,+48 595 610 628,monika.wiśniewski152@example.com
153,Paweł,Kamiński,22,Male,"ul. Spacerowa 113, Poznań",Poznań,+48 639 535 922,paweł.kamiński153@example.com
154,Katarzyna,Zieliński,75,Female,"ul. Spacerowa 115, Lublin",Lublin,+48 805 262 186,katarzyna.zieliński154@example.com
155,Magdalena,Kamiński,59,Female,"ul. Piękna 113, Lublin",Lublin,+48 568 756 459,magdalena.kamiński155@example.com
156,Marek,Jankowski,63,Male,"ul. Piękna 131, Katowice",Katowice,+48 713 704 260,marek.jankowski156@example.com
157,Julia,Dąbrowski,65,Female,"ul. Spacerowa 24, Gdańsk",Gdańsk,+48 690 780 128,julia.dąbrowski157@example.com
158,Karolina,Kamiński,39,Female,"ul. Piękna 83, Wrocław",Wrocław,+48 753 682 612,karolina.kamiński158@example.com
159,Tomasz,Kamiński,27,Male,"ul. Piękna 9, Łódź",Łódź,+48 862 537 836,tomasz.kamiński159@example.com
160,Piotr,Kamiński,57,Male,"ul. Lipowa 106, Łódź",Łódź,+48 516 947 686,piotr.kamiński160@example.com
161,Jakub,Jankowski,19,Male,"ul. Spacerowa 69, Warszawa",Warszawa,+48 864 633 431,jakub.jankowski161@example.com
162,Katarzyna,Wójcik,22,Female,"ul. Kwiatowa 110, Poznań",Poznań,+48 521 364 883,katarzyna.wójcik162@example.com
163,Monika,Lewandowski,44,Female,"ul. Polna 4, Białystok",Białystok,+48 536 163 217,monika.lewandowski163@example.com
164,Paweł,Kamiński,22,Male,"ul. Kwiatowa 27, Katowice",Katowice,+48 681 599 456,paweł.kamiński164@example.com
165,Natalia,Kamiński,72,Female,"ul. Długa 43, Białystok",Białystok,+48 833 962 167,natalia.kamiński165@example.com
166,Magdalena,Dąbrowski,39,Female,"ul. Słoneczna 20, Białystok",Białystok,+48 653 283 326,magdalena.dąbrowski166@example.com
167,Robert,Szymański,38,Male,"ul. Polna 107, Białystok",Białystok,+48 768 434 395,robert.szymański167@example.com
168,Jakub,Dąbrowski,56,Male,"ul. Długa 97, Gdańsk",Gdańsk,+48 689 474 634,jakub.dąbrowski168@example.com
169,Jakub,Zieliński,51,Male,"ul. Piękna 55, Kraków",Kraków,+48 633 129 760,jakub.zieliński169@example.com
170,Natalia,Nowak,55,Female,"ul. Lipowa 41, Katowice",Katowice,+48 712 764 495,natalia.nowak170@example.com
171,Aleksandra,Kowalski,57,Female,"ul. Polna 70, Lublin",Lublin,+48 613 809 128,aleksandra.kowalski171@example.com
172,Tomasz,Kozłowski,51,Male,"ul. Piękna 146, Szczecin",Szczecin,+48 537 650 111,tomasz.kozłowski172@example.com
173,Piotr,Wójcik,20,Male,"ul. Piękna 81, Gdańsk",Gdańsk,+48 716 333 207,piotr.wójcik173@example.com
174,Mateusz,Nowak,66,Male,"ul. Kwiatowa 98, Lublin",Lublin,+48 724 644 215,mateusz.nowak174@example.com
175,Julia,Wiśniewski,29,Female,"ul. Lipowa 141, Warszawa",Warszawa,+48 672 231 785,julia.wiśniewski175@example.com
176,Wiktoria,Kowalski,42,Female,"ul. Spacerowa 131, Lublin",Lublin,+48 629 685 688,wiktoria.kowalski176@example.com
177,Karolina,Dąbrowski,52,Female,"ul. Kwiatowa 82, Lublin",Lublin,+48 751 447 521,karolina.dąbrowski177@example.com
178,Mateusz,Wójcik,49,Male,"ul. Długa 139, Katowice",Katowice,+48 779 840 605,mateusz.wójcik178@example.com
179,Paweł,Kamiński,47,Male,"ul. Polna 126, Szczecin",Szczecin,+48 731 366 633,paweł.kamiński179@example.com
180,Adam,Kowalski,23,Male,"ul. Spacerowa 44, Białystok",Białystok,+48 570 731 155,adam.kowalski180@example.com
181,Jakub,Woźniak,48,Male,"ul. Spacerowa 120, Warszawa",Warszawa,+48 759 917 445,jakub.woźniak181@example.com
182,Adam,Kowalski,55,Male,"ul. Leśna 55, Katowice",Katowice,+48 878 853 643,adam.kowalski182@example.com
183,Paweł,Lewandowski,64,Male,"ul. Lipowa 55, Kraków",Kraków,+48 663 980 222,paweł.lewandowski183@example.com
184,Tomasz,Zieliński,48,Male,"ul. Lipowa 124, Katowice",Katowice,+48 538 414 578,tomasz.zieliński184@example.com
185,Natalia,Wiśniewski,74,Female,"ul. Spacerowa 123, Szczecin",Szczecin,+48 558 331 277,natalia.wiśniewski185@example.com
186,Robert,Zieliński,29,Male,"ul. Leśna 80, Gdańsk",Gdańsk,+48 605 949 225,robert.zieliński186@example.com
187,Mateusz,Kowalski,62,Male,"ul. Kwiatowa 122, Gdańsk",Gdańsk,+48 644 992 871,mateusz.kowalski187@example.com
188,Piotr,Wiśniewski,62,Male,"ul. Leśna 7, Łódź",Łódź,+48 868 826 405,piotr.wiśniewski188@example.com
189,Piotr,Kozłowski,29,Male,"ul. Piękna 87, Katowice",Katowice,+48 777 340 467,piotr.kozłowski189@example.com
190,Marek,Woźniak,40,Male,"ul. Lipowa 110, Katowice",Katowice,+48 510 431 454,marek.woźniak190@example.com
191,Anna,Szymański,37,Female,"ul. Piękna 84, Kraków",Kraków,+48 686 436 560,anna.szymański191@example.com
192,Anna,Wiśniewski,43,Female,"ul. Kwiatowa 66, Wrocław",Wrocław,+48 813 923 134,anna.wiśniewski192@example.com
193,Mateusz,Kamiński,18,Male,"ul. Kwiatowa 1, Poznań",Poznań,+48 855 534 217,mateusz.kamiński193@example.com
194,Magdalena,Woźniak,68,Female,"ul. Lipowa 73, Poznań",Poznań,+48 755 375 415,magdalena.woźniak194@example.com
195,Natalia,Dąbrowski,65,Female,"ul. Leśna 139, Poznań",Poznań,+48 544 575 146,natalia.dąbrowski195@example.com
196,Tomasz,Nowak,46,Male,"ul. Kwiatowa 37, Poznań",Poznań,+48 711 622 107,tomasz.nowak196@example.com
197,Jakub,Jankowski,61,Male,"ul. Słoneczna 122, Kraków",Kraków,+48 707 216 248,jakub.jankowski197@example.com
198,Jakub,Jankowski,47,Male,"ul. Długa 121, Poznań",Poznań,+48 598 127 612,jakub.jankowski198@example.com
199,Kamil,Szymański,26,Male,"ul. Piękna 71, Poznań",Poznań,+48 642 435 262,kamil.szymański199@example.com
200,Paweł,Wójcik,20,Male,"ul. Lipowa 27, Kraków",Kraków,+48 750 260 515,paweł.wójcik200@example.com
